<?xml version="1.0" encoding="UTF-8"?>
<!DOCTYPE hibernate-configuration PUBLIC
		"-//Hibernate/Hibernate Configuration DTD 3.0//EN"
		"http://hibernate.sourceforge.net/hibernate-configuration-3.0.dtd">
<hibernate-configuration>
    <session-factory>
    	
    	<!-- 1.配置数据库的基本信息 -->
        <property name="hibernate.connection.driver_class">com.mysql.jdbc.Driver</property>
        <property name="hibernate.connection.password">root</property>
        <property name="hibernate.connection.url">jdbc:mysql:///time_update</property>
        <property name="hibernate.connection.username">root</property>
        
        
        <!-- 2.配置hibernate的基本信息 -->
        <!-- hibernate所使用的数据库方言 -->
        <property name="hibernate.dialect">org.hibernate.dialect.MySQL5InnoDBDialect</property>
        
    	<!-- 控制台是否打印sql -->
    	<property name="show_sql">true</property>
    	
    	<!-- 是否格式化sql -->
    	<property name="format_sql">true</property>
    	
    	<!-- 指定生成数据表的策略 -->
    	<property name="hibernate.hbm2ddl.auto">update</property>
    	
    	<!-- 设置hibernate的事物隔离级别 -->
    	<property name="hibernate.connection.isolation">2</property>
    	
    	<!-- 删除对象后，使其OID设为null -->
    	<property name="use_identifier_rollback">true</property>
    	
    	
    	<!-- 设置C3P0数据源 -->
    	<!-- 最多连接数 -->
    	<property name="hibernate.c3p0.max_size">10</property>
    	<!-- 最少连接数 -->
    	<property name="hibernate.c3p0.min_size">5</property>
    	<!-- 按照几个连接数递增 -->
    	<property name="hibernate.c3p0.acquire_increment">2</property>
    	
    	<!-- 连接存活的时间 (ms) -->
    	<property name="hibernate.c3p0.timeout">2000</property>
    	<!-- 设置多长时间检测一次 -->
		<property name="hibernate.c3p0.idle_test_period">2000</property>
		
		<!-- 缓存 Statement 对象的数量 -->
		<property name="hibernate.c3p0.max_statements">10</property>
    	
    	<!-- 设定JDBC的statement 读取数据的时候每次从数据库中读取的数据数 -->
    	<property name="hibernate.jdbc.fetch_size">100</property>
    	<!-- 设定对数据库进行批量操作，批量更新和批量插入的时候的批次大小 -->
    	<property name="hibernate.jdbc.batch_size">30</property>

    	<!-- 3.关联相对应的.hbm.xml文件 -->
    	<mapping resource="com/turing/activity/service/entity/Rule.hbm.xml"/>
    	<mapping resource="com/turing/activity/service/entity/Shop.hbm.xml"/>
    	
    </session-factory>
</hibernate-configuration>
