<?xml version="1.0"?>
<!DOCTYPE hibernate-mapping PUBLIC "-//Hibernate/Hibernate Mapping DTD 3.0//EN"
"http://hibernate.sourceforge.net/hibernate-mapping-3.0.dtd">
<!-- Generated 2015-10-17 9:51:08 by Hibernate Tools 3.4.0.CR1 -->
<hibernate-mapping>
    <!-- 表和类之间的映射 -->
    <class name="com.position.pojo.Company" table="COMPANY">
        <!-- 主键映射 -->
        <id name="id" type="int">
            <column name="ID" />
            <generator class="native" />
        </id>
        <!-- 属性映射 -->
        <property name="companyName" type="java.lang.String">
            <column name="COMPANYNAME" />
        </property>
        <property name="usable" type="int">
            <column name="USABLE" />
        </property>
        <!-- 表之间关系映射 -->
        <one-to-one lazy="false" name="pos" class="com.position.pojo.Business_Position" property-ref="company"></one-to-one>
    </class>
</hibernate-mapping>
