<?xml version="1.0" encoding="UTF-8"?>
<!DOCTYPE hibernate-configuration PUBLIC
		"-//Hibernate/Hibernate Configuration DTD 3.0//EN"
		"http://hibernate.sourceforge.net/hibernate-configuration-3.0.dtd">
<hibernate-configuration>
	<session-factory>

			<!-- 配置连接数据库的基本信息 -->
		<property name="connection.username">root</property>
		<property name="connection.password">sysdba</property>
		<property name="connection.driver_class">com.mysql.jdbc.Driver</property>
		<property name="connection.url">jdbc:mysql://localhost:3306/recruitment_service</property>

		<!-- 配置 hibernate 的基本信息 -->
		<!-- hibernate 所使用的数据库方言--> 
		<property name="dialect">org.hibernate.dialect.MySQLInnoDBDialect</property> 
		<!--<property name="dialect">org.hibernate.dialect.MySQLDialect</property>  -->
		<property name="cache.provider_class">org.hibernate.cache.NoCacheProvider</property>

		<!-- 配置管理session的方式 -->
		<property name="current_session_context_class">thread</property>	
		
		<!-- 执行操作时是否在控制台打印 SQL -->
		<property name="show_sql">true</property>

		<!-- 是否对 SQL 进行格式化 -->
		<property name="format_sql">true</property>

		<!-- 指定自动生成数据表的策略 -->
		<property name="hbm2ddl.auto">update</property>
		
		<!-- 设置hibernate的事物隔离级别 -->
    	<property name="hibernate.connection.isolation">2</property>
    	
    	<!-- 删除对象后，使其OID设为null -->
    	<property name="use_identifier_rollback">true</property>
    	
    <!-- 	
    	设置C3P0数据源
    	最多连接数
    	<property name="hibernate.c3p0.max_size">10</property>
    	最少连接数
    	<property name="hibernate.c3p0.min_size">5</property>
    	按照几个连接数递增
    	<property name="hibernate.c3p0.acquire_increment">2</property>
    	
    	连接存活的时间 (ms)
    	<property name="hibernate.c3p0.timeout">2000</property>
    	设置多长时间检测一次
		<property name="hibernate.c3p0.idle_test_period">2000</property>
		
		缓存 Statement 对象的数量
		<property name="hibernate.c3p0.max_statements">10</property>
    	
    	设定JDBC的statement 读取数据的时候每次从数据库中读取的数据数
    	<property name="hibernate.jdbc.fetch_size">100</property>
    	设定对数据库进行批量操作，批量更新和批量插入的时候的批次大小
    	<property name="hibernate.jdbc.batch_size">30</property>
    	
    	 -->
		<!-- 指定关联的 .hbm.xml 文件 -->	
		<mapping resource="com/position/pojo/Business_Position.hbm.xml"/>
		<mapping resource="com/position/pojo/City_Number.hbm.xml"/>
		<mapping resource="com/position/pojo/Company.hbm.xml"/>
		<mapping resource="com/position/pojo/Provincial_Number.hbm.xml"/>
		
	</session-factory>
</hibernate-configuration>
