<?xml version="1.0" encoding="UTF-8" ?>
<!DOCTYPE struts PUBLIC
    "-//Apache Software Foundation//DTD Struts Configuration 2.0//EN"
    "http://struts.apache.org/dtds/struts-2.0.dtd">

<struts>

	<constant name="struts.enable.DynamicMethodInvocation" value="false" />
	<constant name="struts.devMode" value="false" />
	<package name="default" namespace="/" extends="struts-default">
		<action name="text" class="com.position.action.Action1" method="List">
			<result>/text.jsp</result>
		</action>
	</package>

</struts>
